,steps,numpy,base
0,3,6.706835717652991e-06,4.291642861582139e-07
1,5,2.441725716510388e-06,6.954542862201508e-07
2,7,2.6324000022473876e-06,1.0000514261524326e-06
3,9,2.9647757141252183e-06,1.2549314227986283e-06
4,11,3.010519997457907e-06,1.6033285724656056e-06
5,13,3.183924288480609e-06,1.866480002458307e-06
6,15,3.3442457112999234e-06,2.083811427188006e-06
7,17,3.5086485695501323e-06,3.2226000023781253e-06
8,19,6.230712855800188e-06,4.942497143929359e-06
9,21,4.016765716577149e-06,2.855812854249962e-06
10,23,6.099194285655228e-06,3.256237144211939e-06
11,25,4.338187146848733e-06,3.858325710877709e-06
12,27,6.9380499969286446e-06,3.6970142848856213e-06
13,29,4.620757138452194e-06,3.9719599979954576e-06
14,31,5.6828485685400665e-06,4.300724285712932e-06
15,33,7.688554284998515e-06,4.820710000785766e-06
16,35,7.068485714886005e-06,4.554315715462768e-06
17,37,7.930218572645182e-06,5.1500971416576895e-06
18,39,1.0813510000714033e-05,6.018177144661812e-06
19,41,6.392712860230989e-06,6.032978570666663e-06
20,43,6.20002999962058e-06,5.807848569280136e-06
21,45,6.007300001199058e-06,5.791451429623911e-06
22,47,5.635012855366637e-06,5.526511423730491e-06
23,49,5.465111436413801e-06,5.3025442892768685e-06
24,51,5.284630005917279e-06,5.235151428288581e-06
25,53,9.488308566817849e-06,6.656477141534976e-06
26,55,1.0199609995262498e-05,7.75627714964295e-06
27,57,9.567611427233454e-06,7.776351428349569e-06
28,59,9.851402852031503e-06,8.482391432543018e-06
29,61,6.794472849703327e-06,7.679818575395205e-06
30,63,7.232882856312374e-06,7.474734286785991e-06
31,65,7.008028566945411e-06,7.242297139912678e-06
32,67,6.757282860365064e-06,6.981882860210524e-06
33,69,1.141277142648635e-05,9.61631571304419e-06
34,71,1.1651725713558596e-05,1.0885849998365821e-05
35,73,1.3829121424870598e-05,9.69273714092976e-06
36,75,8.184285712299502e-06,8.76501571058595e-06
37,77,8.304907140492495e-06,9.624152852276373e-06
38,79,8.42351856980323e-06,8.934508576723083e-06
39,81,1.0041622858157747e-05,9.051882854172228e-06
40,83,1.1113041429260713e-05,1.2178115710932095e-05
41,85,1.1131301432344895e-05,1.0120649998758122e-05
42,87,9.889638567983638e-06,9.863205712982952e-06
43,89,9.825848571511284e-06,1.0176195711600094e-05
44,91,9.98686571100344e-06,1.0235052858271438e-05
45,93,9.36513857076144e-06,9.874847141223394e-06
46,95,8.172609998707361e-06,9.765644291681903e-06
47,97,1.3256287145070797e-05,1.2129197142972511e-05
48,99,1.4436522856807902e-05,1.4405537141491161e-05
49,101,1.184899428283513e-05,1.3831792855073999e-05
50,103,1.0325720000504848e-05,1.2021238573132516e-05
51,105,9.274328570297387e-06,1.2309211428406082e-05
52,107,9.577614281235062e-06,1.1953772856421504e-05
53,109,9.211802857212856e-06,1.132229857051113e-05
54,111,1.583265285392242e-05,1.4891767142606633e-05
55,113,1.5000332854729744e-05,1.4835405719557977e-05
56,115,1.2885188573688668e-05,1.4563021426770969e-05
57,117,1.2353422859762627e-05,1.4019707138816428e-05
58,119,1.0859697140404024e-05,1.2739647146580476e-05
59,121,9.918131425885283e-06,1.2502751430604672e-05
60,123,9.95049714349859e-06,1.273392857651093e-05
61,125,1.562536285616391e-05,1.8117735715869848e-05
62,127,1.433912285522508e-05,1.7251192860255416e-05
63,129,1.4582512857097234e-05,1.7085659996415155e-05
64,131,1.1745939999465398e-05,1.4908504285163612e-05
65,133,1.1151374284444111e-05,1.4020151426978244e-05
66,135,1.0897602860495681e-05,1.4015875713084823e-05
67,137,1.6997018569132445e-05,2.0621234289137646e-05
68,139,1.815301000013798e-05,2.043880571363843e-05
69,141,1.4613378571084468e-05,1.6486669995044526e-05
70,143,1.1891655711744013e-05,2.0324934284872144e-05
71,145,1.2095339994370338e-05,1.58450300036098e-05
72,147,1.1963514280068921e-05,1.5374409997873175e-05
73,149,1.7775788575298585e-05,1.9118478571077243e-05
74,151,1.9859294284937538e-05,1.9891961432482014e-05
75,153,1.3829515711612267e-05,1.903418285499876e-05
76,155,1.493533142430741e-05,1.878712856913418e-05
77,157,1.3532898574339924e-05,1.6767545717552172e-05
78,159,1.9597931428247e-05,2.363396285415677e-05
79,161,2.242313857485507e-05,2.3675399999254815e-05
80,163,1.79794128546616e-05,2.010746999855785e-05
81,165,1.4260451425798237e-05,1.7373425715569673e-05
82,167,1.3104265713731627e-05,1.7346658564097847e-05
83,169,1.9394229995149154e-05,2.3819105717848287e-05
84,171,1.8602890000433295e-05,2.090362571574847e-05
85,173,1.8227094283897066e-05,2.1295039995103643e-05
86,175,1.5152635714912322e-05,1.8934632857313512e-05
87,177,1.3750379998132953e-05,1.8646988571293016e-05
88,179,1.9315207144765215e-05,2.91267414286267e-05
89,181,2.7608028571454007e-05,2.3033064291147246e-05
90,183,1.5455669999937526e-05,1.9497367146479e-05
91,185,1.435851857032893e-05,2.04445700001088e-05
92,187,1.5483245715586235e-05,2.0224324281506207e-05
93,189,5.071153571407194e-05,2.4180428569837075e-05
94,191,1.8338875709430015e-05,3.027069571804272e-05
95,193,1.771371142240241e-05,2.2993064288000045e-05
96,195,1.5096318568664304e-05,2.0641524284396185e-05
97,197,5.130726000061259e-05,2.7840275717088454e-05
98,199,1.924032285647367e-05,3.185912999989731e-05
99,201,1.8779995708817817e-05,2.2923251430516497e-05
100,203,1.5913801427294467e-05,2.125429428425767e-05
101,205,5.037795000004864e-05,2.6496495710099615e-05
102,207,1.9996647144060785e-05,2.691898428695692e-05
103,209,1.9377914289049967e-05,2.4165035715019e-05
104,211,1.647489714222112e-05,2.2143227142805698e-05
105,213,2.3882275716979554e-05,3.2166154284953205e-05
106,215,2.453007429202054e-05,2.645435285428123e-05
107,217,1.929504142805984e-05,2.69048171477542e-05
108,219,2.1505762857226988e-05,2.9924125712048925e-05
109,221,2.714637714494269e-05,4.4603312856322324e-05
110,223,3.5529037140804577e-05,3.5774339997130615e-05
111,225,2.5795217144540013e-05,4.125180428673048e-05
112,227,5.574808714040306e-05,3.082074713737321e-05
113,229,2.7575601426568547e-05,2.755081856906015e-05
114,231,1.783346571495973e-05,2.4170955717376533e-05
115,233,2.355201999827321e-05,3.34233400021081e-05
116,235,2.2417771425742623e-05,2.9298614283886436e-05
117,237,2.140530714054226e-05,2.631033571170909e-05
118,239,2.498316000388253e-05,3.3600484286060754e-05
119,241,2.0715551428500993e-05,2.6643485712806325e-05
120,243,2.0595821429846443e-05,2.5899389999852116e-05
121,245,2.532475714490699e-05,3.499697570857409e-05
122,247,2.6636034282481497e-05,3.126331571755665e-05
123,249,2.275957570288613e-05,2.7517354285789356e-05
124,251,2.787146857372136e-05,3.489947857035856e-05
125,253,2.662925428532097e-05,3.327268856862377e-05
126,255,2.021772857135927e-05,2.754643285827894e-05
127,257,3.0122195715063883e-05,3.591932571518035e-05
128,259,2.3829938571517623e-05,3.320246142590934e-05
129,261,2.1988621431644008e-05,2.8211731423652966e-05
130,263,2.8146512857866975e-05,3.694470571125359e-05
131,265,2.907174571321645e-05,3.516230857193087e-05
132,267,2.3172800003002128e-05,3.034443571128317e-05
133,269,2.8934154285837264e-05,4.079920428401758e-05
134,271,3.0461194289403334e-05,3.4665945711042566e-05
135,273,2.7414962855151054e-05,4.148059571629606e-05
136,275,3.408890999708092e-05,4.4484895718466896e-05
137,277,2.7279329996028015e-05,3.31390571409429e-05
138,279,2.1977037140459287e-05,3.5020611425612255e-05
139,281,2.947109714243977e-05,3.932180571480005e-05
140,283,2.756069428089956e-05,3.5188942854022446e-05
141,285,2.1853685715801214e-05,3.054897571668594e-05
142,287,3.2275604283183515e-05,3.639813286229452e-05
143,289,2.4925551429727678e-05,3.84035399968395e-05
144,291,2.3525641429711997e-05,3.144176571368007e-05
145,293,3.244339428420062e-05,4.600846143148374e-05
146,295,3.0283155714901762e-05,3.3739807141890715e-05
147,297,2.1859100000126224e-05,3.127806571293539e-05
148,299,5.231032713969138e-05,4.02102671380687e-05
149,301,2.836071857278252e-05,4.7261205711817765e-05
150,303,2.3528369999569675e-05,3.2303807139604555e-05
151,305,5.975303999938271e-05,3.8245347145025986e-05
152,307,2.753145857371107e-05,4.11287699976778e-05
153,309,2.7931438572912678e-05,3.3751682855966334e-05
154,311,3.165794571551877e-05,4.1945664280709547e-05
155,313,2.7991471431180667e-05,3.767349286135868e-05
156,315,3.1143311428292825e-05,3.9235440004371676e-05
157,317,3.251566714295352e-05,4.151997285849315e-05
158,319,2.9953078574180836e-05,4.567254000253992e-05
159,321,2.6916772860983783e-05,3.487869999454623e-05
160,323,3.5883590005271664e-05,4.783233999530369e-05
161,325,2.9510351427493985e-05,3.742856142707751e-05
162,327,3.2984958569224025e-05,4.743092285415124e-05
163,329,3.4282928564997356e-05,3.8950727141907136e-05
164,331,3.803717428257057e-05,4.711666285532244e-05
165,333,3.0222517138359502e-05,3.673425714493662e-05
166,335,3.5555205714834816e-05,4.6527389996689243e-05
167,337,3.064150142693377e-05,4.053208857450435e-05
168,339,3.452531000220915e-05,4.2220818572137176e-05
169,341,3.0491867143739782e-05,4.0743879996755694e-05
170,343,3.6256072856174015e-05,4.9042487142807134e-05
171,345,3.223257713865938e-05,5.5473135713067936e-05
172,347,3.958897000172458e-05,6.704291571492961e-05
173,349,4.185270856916239e-05,5.3484904287220806e-05
174,351,7.548476285332331e-05,4.4848644288971887e-05
175,353,3.218923999936253e-05,3.966952571447889e-05
176,355,3.605583428777338e-05,5.326365999800536e-05
177,357,3.442020285417259e-05,4.1045312856502794e-05
178,359,3.592965857283811e-05,5.265661142662534e-05
179,361,4.016173857443001e-05,4.078084286187992e-05
180,363,3.755957857200493e-05,5.0937107140011256e-05
181,365,3.3910438570663766e-05,4.226043714360068e-05
182,367,3.422642285970921e-05,5.488108571496144e-05
183,369,3.2556000000373126e-05,3.9437059999077716e-05
184,371,3.7263261432859246e-05,4.854471571629151e-05
185,373,2.8091952857981336e-05,3.902834571428165e-05
186,375,3.802691714944168e-05,5.389163285664316e-05
187,377,4.12153514246581e-05,4.166810428744481e-05
188,379,3.9975638568908576e-05,5.205889857669327e-05
189,381,3.4526311428635384e-05,4.645352142948208e-05
190,383,4.0797047141885355e-05,5.270142428344116e-05
191,385,3.4853202856278846e-05,4.721442571151004e-05
192,387,4.087433856901563e-05,5.316523142028018e-05
193,389,3.53743828574287e-05,4.650218714232324e-05
194,391,3.990607285751529e-05,6.050118142541448e-05
195,393,4.5739251423323625e-05,6.381903571309522e-05
196,395,4.3541144285492397e-05,5.080950571417426e-05
197,397,3.597952713919637e-05,4.419712285847969e-05
198,399,6.940373713795063e-05,5.16676742855842e-05
199,401,3.3773310005926755e-05,4.309251428691953e-05
200,403,4.718768571755e-05,5.1581464285845866e-05
201,405,3.587690428893049e-05,4.400637285600949e-05
202,407,4.1113362855997234e-05,5.5134654282613024e-05
203,409,3.5325501430634175e-05,4.597293571870458e-05
204,411,4.397799428781062e-05,5.1393722855469344e-05
205,413,3.8547754286680305e-05,4.487165428664801e-05
206,415,4.36443971427382e-05,5.529894285375901e-05
207,417,3.602552428544316e-05,4.7224674282395944e-05
208,419,4.270659285664026e-05,6.012861428774029e-05
209,421,3.6169535711191464e-05,4.5511744286029305e-05
210,423,4.2083767137747996e-05,5.771427856546195e-05
211,425,3.7606905713931024e-05,4.755730428639384e-05
212,427,4.568106285920034e-05,5.773090857733872e-05
213,429,3.7475804290027424e-05,4.711188714022033e-05
214,431,4.2724028571683444e-05,5.933941142887176e-05
215,433,3.849337999261999e-05,4.963647285746577e-05
216,435,4.850032857055859e-05,5.714577428339648e-05
217,437,3.769109571814105e-05,4.880998000382013e-05
218,439,4.668019428208936e-05,5.991572428424011e-05
219,441,3.930747428707296e-05,5.141989142690103e-05
220,443,5.3096877142836874e-05,5.773976857069231e-05
221,445,3.762055999946564e-05,5.110051428606052e-05
222,447,4.884349714432444e-05,6.169832714087014e-05
223,449,3.979420428939713e-05,7.907234999947831e-05
224,451,5.026970999876669e-05,7.472701714505091e-05
225,453,4.123183999711598e-05,4.9649107142093786e-05
226,455,4.9346021429041035e-05,5.7806245716035065e-05
227,457,3.775797570986989e-05,4.9124025715302974e-05
228,459,4.6349528570967126e-05,5.916522285458216e-05
229,461,3.811680285642589e-05,5.011500142635279e-05
230,463,4.798270428312078e-05,5.8407335717285086e-05
231,465,3.866696571484291e-05,5.044371285683675e-05
232,467,4.45673085726282e-05,6.245586428381751e-05
233,469,4.0815100001054815e-05,5.2936935712101073e-05
234,471,4.6066054286971595e-05,6.505447000173652e-05
235,473,3.8760401426510984e-05,5.6518645711288885e-05
236,475,5.289379714148318e-05,5.9527238567430426e-05
237,477,3.436870142780078e-05,4.974093571945559e-05
238,479,4.424163714637481e-05,5.894244428158605e-05
239,481,3.46421557125203e-05,5.054134857346071e-05
240,483,5.01326042857337e-05,6.088124714681596e-05
241,485,3.886169428629468e-05,5.136357714166349e-05
242,487,4.9390712857919944e-05,7.379119571591477e-05
243,489,3.824938428546635e-05,5.185868142819215e-05
244,491,8.088171428555921e-05,7.070436000503833e-05
245,493,3.954744999906065e-05,5.224139428589426e-05
246,495,7.885943000344144e-05,6.0889827145729215e-05
247,497,4.0270697144088835e-05,5.242173999639427e-05
248,499,4.8164244282296365e-05,6.477947143139317e-05
249,501,4.0416685715172206e-05,5.246692572005226e-05
250,503,4.669461428420618e-05,6.215996142730417e-05
251,505,3.5801405720121695e-05,5.299521571942023e-05
252,507,4.622056000049009e-05,5.584447000208976e-05
253,509,3.624207428271932e-05,5.472776285906938e-05
254,511,4.832061571505619e-05,6.374105571272333e-05
255,513,3.873196428425477e-05,5.6611005716799156e-05
256,515,5.151009285587602e-05,8.233797857038943e-05
257,517,5.415980857183708e-05,8.649814714122581e-05
258,519,5.596712857108546e-05,7.087115999768556e-05
259,521,3.837608285331433e-05,5.4743648569066346e-05
260,523,5.062899714435584e-05,6.170137999756012e-05
261,525,3.715733856941889e-05,5.5059861429721686e-05
262,527,5.205040571516812e-05,6.455379000336896e-05
263,529,4.4658224287559274e-05,6.454538714284094e-05
264,531,5.059370857062667e-05,9.660261142926173e-05
265,533,5.72449614290755e-05,9.188817857128533e-05
266,535,5.2601984282643705e-05,6.784998428494353e-05
267,537,4.3526871431822654e-05,5.6878935715108776e-05
268,539,4.81326157127374e-05,6.014176286043948e-05
269,541,3.836693428248899e-05,5.675431285583597e-05
270,543,5.140493285580305e-05,6.404519142701507e-05
271,545,3.864900571768106e-05,5.707939286367037e-05
272,547,5.089965571512168e-05,7.191736857358982e-05
273,549,3.9486588570330895e-05,5.724988857504546e-05
274,551,5.389088714374728e-05,6.276988143196962e-05
275,553,3.89949242864012e-05,5.803759285689531e-05
276,555,5.203654142470831e-05,6.428212285754852e-05
277,557,3.9323565711778694e-05,5.848835285567994e-05
278,559,5.3115729998743124e-05,7.104484857336502e-05
279,561,4.049156856906068e-05,5.8598232855209585e-05
280,563,5.2173218570845034e-05,6.487313714127854e-05
281,565,3.989496285482476e-05,5.885157571226176e-05
282,567,5.2271824281758336e-05,6.590258285671422e-05
283,569,3.986862571244793e-05,5.945755714232551e-05
284,571,5.1617638569691086e-05,6.477384857134893e-05
285,573,4.044800999898663e-05,6.39980128575449e-05
286,575,5.220222714602382e-05,6.722406714158882e-05
287,577,4.047673142849817e-05,6.026136143191252e-05
288,579,5.529192285913658e-05,7.118186714121423e-05
289,581,4.3081802858588554e-05,6.124642428923316e-05
290,583,5.5853588575181284e-05,6.813641713701404e-05
291,585,4.094851857059568e-05,6.092552000024755e-05
292,587,5.464733000085939e-05,6.90864614235969e-05
293,589,4.1617870000274186e-05,6.195570142933451e-05
294,591,5.535580714422395e-05,7.544231285334848e-05
295,593,4.187285428737856e-05,6.188260143192435e-05
296,595,5.496970000292225e-05,6.818866571328337e-05
297,597,4.20122342828628e-05,6.426137999889242e-05
298,599,5.289522000436721e-05,7.426174571394638e-05
299,601,4.2290214285977915e-05,6.307406714508292e-05
300,603,5.6455699996149634e-05,6.874742285227901e-05
301,605,4.379069143396919e-05,6.462201000041595e-05
302,607,6.36541257154022e-05,7.001309571673378e-05
303,609,4.291122000202969e-05,6.402668142462582e-05
304,611,6.0769588570630215e-05,6.647526571344185e-05
305,613,4.301329428406981e-05,6.504794714471375e-05
306,615,5.769210142846402e-05,6.941614428277327e-05
307,617,4.334750285644467e-05,6.527301142861169e-05
308,619,5.799749714112425e-05,6.886662285978672e-05
309,621,4.352737285704019e-05,6.68021614287032e-05
310,623,6.2633002858742e-05,7.305700857354429e-05
311,625,4.3715058571771284e-05,6.589939999945012e-05
312,627,5.600187142720512e-05,7.07291985755936e-05
313,629,4.419526857028749e-05,6.666933571718151e-05
314,631,5.993371142851953e-05,8.03623271401323e-05
315,633,4.961141857295713e-05,0.00010909033571546647
316,635,9.836773571545823e-05,7.978603571505767e-05
317,637,5.176515571552695e-05,7.659409142953726e-05
318,639,6.25357228584887e-05,7.962331714225001e-05
319,641,5.3850520000975975e-05,9.337257571522579e-05
320,643,5.499217714324394e-05,6.98656928606007e-05
321,645,4.4972007139481974e-05,6.730043000061415e-05
322,647,5.922365285836609e-05,8.231446285727933e-05
323,649,5.597689714444901e-05,8.096358571752458e-05
324,651,5.897132428279811e-05,7.29374628567062e-05
325,653,4.596079999568506e-05,6.903814857131303e-05
326,655,8.45856114340547e-05,8.113692857088089e-05
327,657,6.323333286283222e-05,0.00011061112571821598
328,659,7.440778857146923e-05,8.924039714267044e-05
329,661,6.663518571388392e-05,9.712093713720346e-05
330,663,6.666570714514818e-05,8.460870142828624e-05
331,665,5.7353932856390846e-05,7.20383900001512e-05
332,667,4.780995000276432e-05,6.953672142377141e-05
333,669,8.788771000191836e-05,7.248777714007052e-05
334,671,6.5016985710307e-05,7.411175857799077e-05
335,673,6.444860857040372e-05,7.420711428494542e-05
336,675,6.907481571293568e-05,8.036538571104755e-05
337,677,9.453812428806227e-05,9.013010000022145e-05
338,679,6.545844428338959e-05,8.310969714200057e-05
339,681,6.22649485688141e-05,0.00010235800142774159
340,683,6.11554071370587e-05,7.424937285447543e-05
341,685,4.789753856779758e-05,7.207014714627544e-05
342,687,7.703626286456711e-05,7.443591714556013e-05
343,689,6.201353571668732e-05,7.628358427869639e-05
344,691,6.4128824285165e-05,8.551195857372867e-05
345,693,6.0500694284460876e-05,9.280577999951284e-05
346,695,6.8334211430608e-05,0.00011069590142921827
347,697,6.6314147144502e-05,8.372440714083495e-05
348,699,7.100782571537171e-05,8.287667857075575e-05
349,701,7.061720714253689e-05,8.282073714196616e-05
350,703,6.967512285752621e-05,8.151140000076599e-05
351,705,6.388343570766405e-05,9.90490671392763e-05
352,707,7.90592899985703e-05,0.00011571839714503897
353,709,7.358175857007154e-05,7.745272857001899e-05
354,711,6.562071429081177e-05,7.904325999334106e-05
355,713,6.826315143241247e-05,8.356477286205128e-05
356,715,6.47499742808577e-05,7.90656899984502e-05
357,717,9.547910999961978e-05,8.842155713864486e-05
358,719,9.877348428355098e-05,8.834043714159634e-05
359,721,6.293348000066804e-05,7.704921857501696e-05
360,723,7.038056284987501e-05,8.782846000550698e-05
361,725,7.265280142746634e-05,9.138540285545918e-05
362,727,7.247333428365112e-05,0.00010857457428885807
363,729,7.73959557123557e-05,7.834645142793306e-05
364,731,6.775100856819856e-05,8.859619428351704e-05
365,733,6.680623570771006e-05,9.048871857885387e-05
366,735,6.521264857188466e-05,8.119839856850118e-05
367,737,6.932515857053138e-05,9.322503999490957e-05
368,739,5.942802571163546e-05,0.00013607049857195566
369,741,7.968544428357356e-05,8.603942000523343e-05
370,743,6.0862671429536665e-05,8.614123714453724e-05
371,745,6.582034285591882e-05,7.967911428360301e-05
372,747,6.397327571383877e-05,8.143625857233669e-05
373,749,6.589166714288045e-05,8.370388143053528e-05
374,751,6.424047285690903e-05,0.00010569232428419388
375,753,7.638062571069376e-05,9.237372428417854e-05
376,755,8.139219714004346e-05,0.00011836252856612971
377,757,6.588053856830811e-05,8.09669714258884e-05
378,759,6.786327856908818e-05,8.10797214294975e-05
379,761,7.409904999803984e-05,9.950917428536091e-05
380,763,8.021618428496627e-05,9.263315142951406e-05
381,765,7.804012857117674e-05,9.69694685695036e-05
382,767,7.236042285512668e-05,8.118106714391615e-05
383,769,6.846052856937084e-05,8.332423714559158e-05
384,771,6.442920999688795e-05,8.223924714651991e-05
385,773,6.916293999893241e-05,0.00010250079142809097
386,775,8.294741857493395e-05,0.00010145280857094414
387,777,7.162409714250577e-05,9.822614428360663e-05
388,779,7.044199714333185e-05,8.539817285834164e-05
389,781,7.34415114285574e-05,8.349410856940916e-05
390,783,8.149387286331537e-05,8.686246143302663e-05
391,785,9.769021714808853e-05,9.961615142726389e-05
392,787,7.736264000413939e-05,8.638323000143698e-05
393,789,8.1988564288622e-05,8.463176999742115e-05
394,791,7.380410570996381e-05,8.35612628621415e-05
395,793,8.780321142434591e-05,8.57850485720389e-05
396,795,6.908086428406283e-05,0.00010649550571283076
397,797,7.337683143175257e-05,9.346100142335802e-05
398,799,6.620871571223168e-05,8.417357428178159e-05
399,801,7.138172714154019e-05,8.592101142702241e-05
400,803,6.98708228576704e-05,8.699716714805357e-05
401,805,7.087388714353437e-05,8.8699497142183e-05
402,807,6.981197999526299e-05,9.809199142962047e-05
403,809,7.707120856918793e-05,9.84000885702179e-05
404,811,7.64702157123663e-05,8.710233142275165e-05
405,813,7.545527571502525e-05,9.47599728559518e-05
406,815,7.309905000771063e-05,0.00010353773000523299
407,817,7.538133142588775e-05,9.977968857128871e-05
408,819,7.531045571470584e-05,9.986518571167834e-05
409,821,7.328659428302282e-05,0.00010041081000183893
410,823,7.633999428695202e-05,8.798995143089478e-05
411,825,7.79098228589906e-05,0.0001048918014307024
412,827,9.111290142235313e-05,9.390390714283318e-05
413,829,7.907930285520186e-05,0.0001353533400028287
414,831,9.853918428624248e-05,0.0001255292714293838
415,833,8.947869857105876e-05,0.00010228699999840631
416,835,7.291624999717376e-05,0.00010055172571030978
417,837,7.195144857178093e-05,0.00010361542714495694
418,839,7.199668285466033e-05,0.00010444391000159418
419,841,7.7474855715991e-05,9.088615857243505e-05
420,843,7.34253071407563e-05,8.900783286143062e-05
421,845,7.350739428407646e-05,8.916256000052921e-05
422,847,7.41331528583292e-05,0.00010212392857023847
423,849,7.695758713972672e-05,0.0001014787342916991
424,851,6.906545428137179e-05,8.972291714079413e-05
425,853,7.030317428871059e-05,9.589099427882632e-05
426,855,7.29285200005896e-05,0.00012598788428606764
427,857,0.00010927833570739105,0.00011595976428517522
428,859,7.43946271411135e-05,9.148168428250106e-05
429,861,7.636543714657559e-05,0.00012843385428433458
430,863,9.547194428055912e-05,9.426745857386517e-05
431,865,9.226382714457161e-05,9.186877142773092e-05
432,867,7.527308428377313e-05,0.00013011756142597213
433,869,8.898792571406895e-05,9.607335428362213e-05
434,871,9.679390571753695e-05,9.576368428627445e-05
435,873,8.154265142885769e-05,0.00011544319857161359
436,875,8.100373714634251e-05,9.266815571338937e-05
437,877,7.710750428356863e-05,9.591053142555342e-05
438,879,7.982066856909244e-05,9.290924857071203e-05
439,881,7.859653571358649e-05,0.00010808486714138001
440,883,8.200746714334984e-05,0.00010100808857064942
441,885,7.374599428658257e-05,9.263762571468501e-05
442,887,8.092034143243966e-05,9.460201000235558e-05
443,889,8.08515057126767e-05,0.00012569389285740077
444,891,8.689663000300892e-05,9.557835286094425e-05
445,893,7.686714429187955e-05,9.510245428568201e-05
446,895,7.45099885716627e-05,9.584209428794566e-05
447,897,8.229036286138581e-05,0.00011224844571448298
448,899,7.82207642857559e-05,9.602275999506154e-05
449,901,7.872697856977798e-05,0.0001085547099994853
450,903,8.241952571812104e-05,0.00010956497857478099
451,905,0.00011091881571181667,0.00010068483285327342
452,907,7.772782428219217e-05,9.88482457121011e-05
453,909,8.223522000272559e-05,0.00010839558571335926
454,911,8.272860428405693e-05,0.0001089747728526293
455,913,8.107322999941452e-05,9.752950856636744e-05
456,915,8.219629285511993e-05,0.00011135392428643952
457,917,8.607929428243162e-05,0.0001321223342893063
458,919,8.217596285508729e-05,0.00011121257857407078
459,921,9.066182571457051e-05,0.00011222963571656561
460,923,8.098343428563177e-05,9.665652428468873e-05
461,925,7.978476428304151e-05,0.00010047892000199811
462,927,7.948456571414552e-05,9.819100856735271e-05
463,929,0.00010465035429141218,9.764904428655947e-05
464,931,7.739445428731934e-05,9.898450428538905e-05
465,933,8.058870999905463e-05,0.00010066571000217143
466,935,7.911895999963496e-05,9.89661542839063e-05
467,937,8.156195000213172e-05,0.00010168299428187312
468,939,7.969477714401105e-05,9.986522857486438e-05
469,941,8.055863142934477e-05,0.00010076353571743571
470,943,8.243425428840314e-05,9.911416285831364e-05
471,945,8.418317286019114e-05,0.00010577872285596511
472,947,0.00010639403142704395,9.99363128643641e-05
473,949,8.310004714335914e-05,0.00010095473714110474
474,951,8.372768428671408e-05,0.00010201297142495085
475,953,8.364848285054904e-05,0.00010278618428076567
476,955,8.342947856622882e-05,0.00010222880571486062
477,957,8.34727971414395e-05,0.00010885247142661162
478,959,9.808598285547175e-05,0.0001903587928531384
479,961,8.931655428438846e-05,0.00010469362285740706
480,963,8.449279285352013e-05,0.00010085137999859788
481,965,8.388346714387547e-05,0.00010566514571369874
482,967,7.918080285370317e-05,0.00010103900428605681
483,969,8.339818857036465e-05,0.00010261467429050495
484,971,8.218847714358292e-05,0.00010192311571829903
485,973,8.295705571072176e-05,0.00010375510142953967
486,975,8.059327143200788e-05,0.00010225414142561411
487,977,8.41516014276879e-05,0.00010339862857238456
488,979,8.029762857144565e-05,0.00010284925428485232
489,981,8.271684571289891e-05,0.00010518393571276518
490,983,8.164602714324637e-05,0.00010480334428523618
491,985,8.336154571484907e-05,0.00010433056428415251
492,987,8.579784571338678e-05,0.00010400720285230949
493,989,9.20089785748652e-05,0.00010790589143393195
494,991,8.550494999976114e-05,0.00010425634286158519
495,993,8.574224856991868e-05,0.00010457248143211473
496,995,8.610259857180478e-05,0.00010629071857692907
497,997,8.760237714211274e-05,0.00010584437142824755
498,999,9.193974857355768e-05,0.00010725102000443648
499,1001,8.781759143208286e-05,0.00010540792571711271
500,1003,8.889503999723404e-05,0.0001059987685688871
501,1005,9.372551857398191e-05,0.00010759602857173637
502,1007,9.093585429062452e-05,0.00010767180428956635
503,1009,8.801564571123371e-05,0.0001095112028607608
504,1011,9.419729857264819e-05,0.00010772097857365485
505,1013,8.750075428906712e-05,0.00010625092142748014
506,1015,8.819757285371971e-05,0.00010729919000108826
507,1017,8.527887142918189e-05,0.00010690984714528894
508,1019,9.238659571305365e-05,0.000110069680000119
509,1021,8.774120714016525e-05,0.00010761355714359005
510,1023,9.094726285444007e-05,0.00011311840571319668
511,1025,8.838981143136542e-05,0.00010992337857585102
512,1027,9.321907000412465e-05,0.00011051179571430631
513,1029,9.338490999912861e-05,0.0001109593571397584
514,1031,9.191296285799971e-05,0.00011382193571470064
515,1033,8.639767571366976e-05,0.00011100240428277175
516,1035,9.40338771475321e-05,0.00011168561285688026
517,1037,9.408216285789553e-05,0.00011362614142594143
518,1039,8.736857571160986e-05,0.00011074862857120544
519,1041,9.557713428616159e-05,0.00011130994284810315
520,1043,8.606005714162685e-05,0.00011092716285669927
521,1045,8.718715286054897e-05,0.00011232784714593434
522,1047,8.636959714099897e-05,0.00011055172285393512
523,1049,8.752579571332069e-05,0.00011069705285990494
524,1051,8.708476428572405e-05,0.00011329862000171228
525,1053,8.822019713988995e-05,0.00011048766714468782
526,1055,8.785405143238936e-05,0.00011037967999852428
527,1057,8.472279856505338e-05,0.00011073278286338402
528,1059,8.855080856457269e-05,0.0001122714814300707
529,1061,8.559671000122242e-05,0.00011036934285584721
530,1063,9.018881857108292e-05,0.00011126217000440062
531,1065,8.813809714411036e-05,0.00011557628714269542
532,1067,8.913138142816024e-05,0.00011138152999982205
533,1069,8.816003999787167e-05,0.00011286329857154799
534,1071,8.911046571613821e-05,0.00011205179999576232
535,1073,9.036560714386203e-05,0.00011268938285346458
536,1075,8.958414713820925e-05,0.00011218486000351341
537,1077,8.956233428762062e-05,0.00011403741714665167
538,1079,8.899595999797124e-05,0.00011399918285730694
539,1081,9.030615142754479e-05,0.00011281322714629433
540,1083,9.0480267138316e-05,0.00011389401143138197
541,1085,9.119192142731792e-05,0.00011677699428348985
542,1087,9.004242285560135e-05,0.00013680439714205153
543,1089,9.080159714618017e-05,0.00012718917428043954
544,1091,9.09651728553789e-05,0.00012091954143085916
545,1093,9.049994999908709e-05,0.00011913018714299791
546,1095,8.983728999217939e-05,0.00011930457714177985
547,1097,8.946115428833374e-05,0.00012007025428309654
548,1099,9.016321428654399e-05,0.00011954406571801104
549,1101,9.086537570900483e-05,0.00012182873571613787
550,1103,8.898973143004697e-05,0.00012009839142462753
551,1105,9.044511427938621e-05,0.00012086429571614385
552,1107,8.964060142586407e-05,0.00012056455714628101
553,1109,9.023947999594383e-05,0.00012049821571573764
554,1111,9.010696713760678e-05,0.00012098946857284837
555,1113,9.412305571199145e-05,0.00012125082428870623
556,1115,9.753594714181546e-05,0.00013689099571170766
557,1117,8.792609714354123e-05,0.00012690992428750697
558,1119,9.530212571657363e-05,0.00017191205286248338
559,1121,0.00011187151714433899,0.00014216731142888809
560,1123,0.00011682275285368502,0.00018610985428365112
561,1125,0.00011888324000080632,0.00014001965428698374
562,1127,8.944250857374365e-05,0.0001271525285691106
563,1129,9.861311857613536e-05,0.0001556146571393973
564,1131,9.201167285677262e-05,0.00012494857857226244
565,1133,8.765618571487722e-05,0.000127817014287887
566,1135,9.725075143121233e-05,0.00013876300713881002
567,1137,9.367262285845105e-05,0.00012099757142745407
568,1139,9.52793200044003e-05,0.0001224206042856427
569,1141,9.9239712859084e-05,0.00012508893571326293
570,1143,9.325863143073677e-05,0.00011935472285975785
571,1145,9.381818142563653e-05,0.00011985650286078452
572,1147,9.513032857025142e-05,0.00014869605999722678
573,1149,9.084614428242535e-05,0.0001392701885717023
574,1151,9.852942714132951e-05,0.00012978382428367955
575,1153,0.00010425322856722882,0.00016320285286253367
576,1155,0.00011191128999988516,0.0001648385899976087
577,1157,0.00011029890000177797,0.00014864920714119633
578,1159,0.00010855925286055675,0.0001772619628562617
579,1161,9.74949999986815e-05,0.00016587725570778794
580,1163,0.0001170792014298578,0.00017351835286068048
581,1165,0.00010246722142515605,0.00015225490572057812
582,1167,0.00010247314571513145,0.00017150453142936124
583,1169,0.00011299970286147853,0.0001410894171437706
584,1171,0.00011337156571503979,0.00016811019571313018
585,1173,0.00010695971285843242,0.00012784388428501968
586,1175,8.478157143274855e-05,0.00016012820714292632
587,1177,0.00011026904286024678,0.0001556548299959104
588,1179,9.471152857388785e-05,0.00015661791143429583
589,1181,8.787805143063971e-05,0.00012936987142633628
590,1183,9.10773371418015e-05,0.0001297597900000775
591,1185,0.00010449697285886422,0.000173324040001067
592,1187,0.00011042943428297544,0.00013993426428507
593,1189,8.395501571482911e-05,0.0001289977542858521
594,1191,8.396172857309077e-05,0.0001304446499982857
595,1193,8.423708000139283e-05,0.00012800720714689566
596,1195,8.672915857200029e-05,0.00013303614857639853
597,1197,8.496425999900177e-05,0.00012552777142575775
598,1199,8.561443571514766e-05,0.00014895844713984322
599,1201,0.00010979906999637023,0.00016825887000387804
600,1203,0.00010376737571277771,0.00015235659999754194
601,1205,9.967371571422388e-05,0.0001410691985750288
602,1207,9.547522857506659e-05,0.000140596370001731
603,1209,8.509582571215495e-05,0.00012718799856624433
604,1211,8.769147143019447e-05,0.00013439915571455328
605,1213,0.0001001453085700632,0.00017095497856644214
606,1215,0.00011552277714924587,0.00013016963000284573
607,1217,8.744358427845457e-05,0.00013099943570913248
608,1219,0.00010707453000057804,0.00014769263856838472
609,1221,8.887760714060278e-05,0.000135138855709686
610,1223,9.030879428662178e-05,0.00013101383999777942
611,1225,9.491336285853841e-05,0.00013896278571597318
612,1227,9.038560999865045e-05,0.0001302855871420304
613,1229,8.724453000208346e-05,0.00013344383857007155
614,1231,8.59958300030225e-05,0.0001354854671418642
615,1233,9.087121571480696e-05,0.0001309440800027265
616,1235,9.97174742847814e-05,0.00014791156571456149
617,1237,8.638289428875266e-05,0.00013953879714660746
618,1239,0.00011024587285386846,0.00016395077857201353
619,1241,8.991165857358803e-05,0.00013047638285830284
620,1243,0.00010028542142858247,0.00017049625142525265
621,1245,0.00011295340285349605,0.00017787341714210926
622,1247,0.00012395318428649,0.00018649757285727124
623,1249,0.00011629759999777889,0.00017711903142428906
624,1251,0.00011183206142439822,0.00017941591000115816
625,1253,0.00011524061284944765,0.00019310243000031084
626,1255,0.00012038305857848693,0.0001767784128579868
627,1257,0.00010928981856912808,0.00018154358428936184
628,1259,0.00011157328000211107,0.00017892609714181162
629,1261,0.00011514048999483098,0.00019911420572108388
630,1263,0.00011290093714446162,0.0001667020700032091
631,1265,0.00011323777856887318,0.0001827980414288634
632,1267,0.00011669366857469348,0.0001907998228541276
633,1269,0.00012589993857026066,0.00016113436714087064
634,1271,0.00010640945857241084,0.0001387760385763873
635,1273,9.945781571721974e-05,0.00014328121571712213
636,1275,0.0001110061128565576,0.00014032914429013284
637,1277,0.00010186517856969399,0.00014755551428346996
638,1279,0.00010878549856767806,0.00017277070999885576
639,1281,0.00012241991142478324,0.00015306418714057407
640,1283,0.00010690767285788232,0.0001502351299989511
641,1285,0.00010708079285385403,0.0001579271985714773
642,1287,0.00010298924142521822,0.00016165351285703117
643,1289,0.00011592478571661298,0.00015500331714065395
644,1291,9.792753286092192e-05,0.0001454155485719509
645,1293,0.00010677854999552697,0.00016352547571191932
646,1295,9.896057285784212e-05,0.00014449060143046415
647,1297,0.00010661758713987573,0.00016484342142835624
648,1299,0.000114659175716432,0.0001558845157108278
649,1301,0.00010158048428690692,0.00014951873714380781
650,1303,0.00011156781142614948,0.00014741196286195191
651,1305,0.00010367702142892605,0.00014022786286139828
652,1307,0.00010739342857310216,0.00013928398285445708
653,1309,0.00010594474428476782,0.00014643265143084655
654,1311,0.00010377259285762974,0.00014920658999471927
655,1313,0.00010647878285453771,0.00014691380714274208
656,1315,0.00010444030856888275,0.00015574241856873932
657,1317,0.00010623272000365042,0.00018718295285257875
658,1319,0.00010054062857047289,0.00014756004428688487
659,1321,0.00010571282714538808,0.00018225996285764267
660,1323,0.00012882408143143818,0.00017576409999881955
661,1325,0.00010132767857482707,0.0001560765314258918
662,1327,0.00010732050571407723,0.00015305911285655124
663,1329,0.00010192610857692282,0.00015588356143000833
664,1331,0.00015022377857219128,0.00022641075285719127
665,1333,0.00012530296571380207,0.00014244027285323165
666,1335,0.00010776897999936149,0.0001508880914298061
667,1337,0.0001132151500002822,0.00019972104571414613
668,1339,0.00011673696285600142,0.00020526698714352925
669,1341,0.00013180179856915077,0.00017887367571477495
670,1343,0.00013158585571155918,0.00014275466142602713
671,1345,0.00011786375285217737,0.00021740478571570876
672,1347,0.00012248503428314246,0.0001767823828543312
673,1349,0.0001406176914289452,0.00017502845143358822
674,1351,0.00012154985428683826,0.00022227127429037604
675,1353,0.00011600044000130895,0.00018867755714381928
676,1355,0.00016970650571758079,0.00015204210285706463
677,1357,0.00011660004142218635,0.00023596679142688765
678,1359,0.00011095310285652106,0.0001494741514293959
679,1361,0.00015722327428323166,0.00020271191857578483
680,1363,0.00013318541142455485,0.00022384608428962694
681,1365,0.00011106180857625856,0.00019186634142637817
682,1367,0.000144694298570747,0.00015379633571553444
683,1369,0.00011597493142679534,0.00021545910571668563
684,1371,0.00011240587999834263,0.00014421014285939497
685,1373,0.00013488420714566018,0.0002208532828522688
686,1375,0.00011194857142982073,0.0001447846271392856
687,1377,0.0001421295300003424,0.0002047855642844557
688,1379,0.00011947474856892119,0.0001515103857127542
689,1381,0.00015748975285532652,0.0002035659842840687
690,1383,0.00011762227856836813,0.00014966989428233187
691,1385,0.00010568429000029158,0.00015643996142898688
692,1387,0.00011300779285582914,0.00014422093857189924
693,1389,0.00011794985285762647,0.0001460003042848257
694,1391,0.00011266587000396352,0.0001463133371388332
695,1393,0.00011642054714684491,0.00014658254714179617
696,1395,0.0001070543271375105,0.00014591602285820825
697,1397,0.00010993695714205387,0.00014691726857303625
698,1399,0.00010615115571324297,0.0001483754899995152
699,1401,0.00010650437142560674,0.00014736093428707265
700,1403,0.00011406863428679313,0.00014900474142840332
701,1405,0.00010881820571220098,0.000149182748570768
702,1407,0.00011356183857320242,0.0001697023214260948
703,1409,0.00012401118285457153,0.00019425864428350385
704,1411,0.0001363299457157804,0.00016857325999548525
705,1413,0.00013544679000135928,0.00019970252285669892
706,1415,0.00013468749856786286,0.0001734342542892721
707,1417,0.00012024574856695836,0.00016195355285682518
708,1419,0.00011529349142749976,0.00016886469572065314
709,1421,0.00013297857571420278,0.00019032297857328166
710,1423,0.00011518429000196713,0.00018678688000103906
711,1425,0.00010930531571180576,0.00015603334857067759
712,1427,0.0001327667542864219,0.00024638406571414505
713,1429,0.00016919076999848974,0.00023367613428490586
714,1431,0.0001769530057078685,0.000239945352857051
715,1433,0.00014561080857414968,0.0002189338900045966
716,1435,0.0001692133657161321,0.0002212146985740609
717,1437,0.00014549720571397173,0.00019354478142953927
718,1439,0.00012425822571718266,0.00018663000285544382
719,1441,0.00013534987285571072,0.00022183710714411323
720,1443,0.0001344640614297532,0.0001582805642829044
721,1445,0.0001565254114315654,0.00019227671713971565
722,1447,0.00014073309714668928,0.00015770322999742345
723,1449,0.00011820811571461881,0.000165819934287096
724,1451,0.00011969671714333734,0.0001691296814325532
725,1453,0.00012163677999914009,0.00016387083428656167
726,1455,0.00011903359571338765,0.0001554872942896119
727,1457,0.0001339979585723735,0.00015637180000080013
728,1459,0.00012612009285866015,0.0001588431200018801
729,1461,0.0001198845771406403,0.00016999907142755026
730,1463,0.00012247396000020672,0.00016371353857591331
731,1465,0.00012110403142807107,0.00015961516143371616
732,1467,0.00013577804713869616,0.00016053243429009205
733,1469,0.00012755548285505418,0.00016482195714810847
734,1471,0.0001256800514238421,0.00017612148285999345
735,1473,0.00012286210142649777,0.00017181021285848274
736,1475,0.0001230105414314104,0.0001818483285725441
737,1477,0.00014054933285868694,0.0001753889614285851
738,1479,0.00011890382429036045,0.00016851618285987311
739,1481,0.00013635799714653072,0.0001679938642908902
740,1483,0.00013505661714329368,0.0001684563142901295
741,1485,0.0001258600857181591,0.0001713052014279778
742,1487,0.00014250313143098278,0.00016613270142832852
743,1489,0.0001217001957125571,0.00017198553571298752
744,1491,0.00012532493571727952,0.0001593488585759977
745,1493,0.00012978573571152603,0.00016430807285879772
746,1495,0.00013310445713744098,0.00016384192427722154
747,1497,0.000128294319996972,0.00016542344143090303
748,1499,0.00012104042571601374,0.00018051629285504791
749,1501,0.0001202098914265142,0.00017260082570958599
750,1503,0.00012585136857264193,0.00017532997142812487
751,1505,0.0001229673599976065,0.00016678073000158682
752,1507,0.00013026391143025,0.0001661027014337638
753,1509,0.00012757033285847033,0.00016893034000012058
754,1511,0.0001421405685687205,0.00017318336572186258
755,1513,0.00012361935142897503,0.0001768658057153516
756,1515,0.0001243402985710418,0.00017015280999787915
757,1517,0.0001269237857117592,0.00016407666428806675
758,1519,0.00014824957142731625,0.00016524512428337142
759,1521,0.00014036909857168212,0.00016467821428575139
760,1523,0.00013329380428331206,0.00016545817000016022
761,1525,0.0001318464528568646,0.00018216698856901662
762,1527,0.0001326949628517988,0.00017634849571550147
763,1529,0.00012351348856879798,0.0001718161728604173
764,1531,0.00012264136857213868,0.00017479607571398704
765,1533,0.00012518734571650774,0.00016500934285691723
766,1535,0.0001343866557155187,0.0001665869900015033
767,1537,0.00013198918999998048,0.00017111483286238842
768,1539,0.0001261617171439866,0.00016867351856749988
769,1541,0.00012759501142552056,0.0001748208357171929
770,1543,0.0001237699385689796,0.0001681928828579008
771,1545,0.00013836880000131453,0.00016774659000085582
772,1547,0.00013240224571356,0.0001661151214284473
773,1549,0.00012579793000051204,0.00016811987857051595
774,1551,0.0001282130142863025,0.00016966700856885708
775,1553,0.00012700299285435385,0.00019190127428373672
776,1555,0.0001307462028541652,0.00017743744857268344
777,1557,0.00012541815714679875,0.0001725540585721319
778,1559,0.00012650546714212396,0.00017610253428886478
779,1561,0.00012630187428710218,0.0001743346985728879
780,1563,0.00012185773999590312,0.0001734756442861648
781,1565,0.00013015244571891213,0.00017634927429233878
782,1567,0.00012496812857144894,0.00017502049999945616
783,1569,0.000128098455710902,0.00017817421713906307
784,1571,0.00012793470286071948,0.00016822230999293555
785,1573,0.0001296487671424984,0.0001741315299971445
786,1575,0.0001297826599979349,0.00017010981142707998
787,1577,0.00012927186714348083,0.00017212156142964625
788,1579,0.00013154567000258664,0.0001715719642847294
789,1581,0.0001272754399958233,0.00017309307000427257
790,1583,0.00012441106857295382,0.00017806807285783828
791,1585,0.0001289658914330565,0.0001723180171445295
792,1587,0.0001285172157128857,0.00017636808857267688
793,1589,0.0001305818057153374,0.0001723970957131574
794,1591,0.00012801496714018868,0.00017252044714041403
795,1593,0.0001341281957112577,0.00017454409142893772
796,1595,0.0001297083585710165,0.00017978589713883204
797,1597,0.00012376396999700642,0.0001797964799983934
798,1599,0.0001297182428606902,0.00017417779285616624
799,1601,0.0001285083642817751,0.00017960169428468879
800,1603,0.00014148408713871114,0.00017442167571841437
801,1605,0.0001280340757148224,0.00017402669857152173
802,1607,0.0001354916128574197,0.00017369816571642462
803,1609,0.00012987926000278095,0.00017545407999672796
804,1611,0.00013668678142754028,0.0001786501442880503
805,1613,0.00013302352571242538,0.00017817206714296064
806,1615,0.00012908084285819703,0.0001832530071416321
807,1617,0.0001292116657142677,0.00018069815142423198
808,1619,0.00013035407142524493,0.00018352033000025713
809,1621,0.00013206824428250131,0.00017889810571172608
810,1623,0.00013102287142828574,0.00018202034142762255
811,1625,0.0001345539785740714,0.00018001593000008142
812,1627,0.0001447306957119768,0.00018171740000200642
813,1629,0.00013424328856802146,0.00018240819428423752
814,1631,0.0001268466914318976,0.00018352325428817756
815,1633,0.00013180312286099901,0.00018733981428990123
816,1635,0.00015882410428665544,0.00017541548571119034
817,1637,0.00015739762427983804,0.00018190326142368058
818,1639,0.00013138421428396084,0.0001775444385670458
819,1641,0.0001333602557107432,0.00018431650999835774
820,1643,0.00013482615856836284,0.00017845869714229983
821,1645,0.00013256971571276412,0.00017841765000152268
822,1647,0.00013873209571621764,0.00017976574142916692
823,1649,0.00013333713714018812,0.00018056405714430315
824,1651,0.0001379505742884898,0.00018131497000078005
825,1653,0.0001344015828596769,0.00018143262428046522
826,1655,0.000129388874286503,0.00018708048000137622
827,1657,0.00014044836428053845,0.00018184632714110193
828,1659,0.00012792736571230176,0.00018595335999894554
829,1661,0.00013074612142840384,0.00018094885142480572
830,1663,0.00013057392856873255,0.0001825409228591265
831,1665,0.00013343363571038935,0.00018369676286186275
832,1667,0.00013080232285574313,0.00018296961285419196
833,1669,0.00015271126571471023,0.00018285609999760968
834,1671,0.00014688762142343745,0.00018298240142809976
835,1673,0.00014859801714140174,0.000186054937143386
836,1675,0.00014774800428442956,0.0001821284000029014
837,1677,0.00014834902285916282,0.00018849372571172091
838,1679,0.0001484066628576589,0.00018511803714448303
839,1681,0.00014760470714203882,0.00019084843714413832
840,1683,0.00014806961571334147,0.00018494204428601993
841,1685,0.000148460228571951,0.00018897331428369008
842,1687,0.0001474793128597542,0.00018515760142950708
843,1689,0.0001470526757137642,0.00019076036857118846
844,1691,0.00014925315285706478,0.00018320549571529098
845,1693,0.000150505417142475,0.000189557682855853
846,1695,0.00015068691428626025,0.00018589745714572408
847,1697,0.0001492909957154812,0.00018547069000175855
848,1699,0.00013831673714126476,0.00018594829857517784
849,1701,0.00013094452571489715,0.00018631843999953292
850,1703,0.00013727355713854194,0.00018626528285624642
851,1705,0.0001333717500009308,0.00018603304857086705
852,1707,0.00013651679285820657,0.0001876985014262443
853,1709,0.00013266000999595105,0.00018775543571142149
854,1711,0.00013384963857138895,0.00019206564142742926
855,1713,0.00013302269000372947,0.00018822602143180639
856,1715,0.00013419823715074536,0.00019432797143183834
857,1717,0.00013418686428329758,0.00018695761000084792
858,1719,0.0001309363314326869,0.0001920037985707625
859,1721,0.0001352199057120223,0.00018743755142817722
860,1723,0.00013365866999395492,0.00018871421999782406
861,1725,0.00013950703856867872,0.00019099047142715012
862,1727,0.00013486222857214412,0.00018851632143196184
863,1729,0.00013844438285689519,0.00018818842000525494
864,1731,0.00013401109428741621,0.00019029166571531928
865,1733,0.00013445932857264,0.0001988101571415817
866,1735,0.00013581774142429432,0.00019761518571353266
867,1737,0.00013910739571136737,0.00020245604142993603
868,1739,0.00013658053428766185,0.00019866519572003328
869,1741,0.0001389914514220436,0.00020247898143549849
870,1743,0.00013623404142760722,0.00019796345143341956
871,1745,0.00013342786428828342,0.00020586481000074336
872,1747,0.0001416847314275011,0.00019696496999521126
873,1749,0.00013571515143017416,0.00019970537285969058
874,1751,0.00013695000285744236,0.00019429694999936533
875,1753,0.00013672628713850697,0.00020062068428420128
876,1755,0.00013761083714468572,0.0001971183585685919
877,1757,0.00013762537000210222,0.00020238221142270568
878,1759,0.0001381878671418235,0.00019545382857229145
879,1761,0.00013580106571420663,0.00019802578571346074
880,1763,0.00014156547142972289,0.00019760930427894762
881,1765,0.00013698845428734784,0.00019862613714264756
882,1767,0.0001403476257136,0.00019729776714354688
883,1769,0.0001377953557104255,0.00020502227142580004
884,1771,0.00014230062999818723,0.00019891964142256514
885,1773,0.00013899316713962307,0.00019989621571637274
886,1775,0.00014211457999668448,0.0002001188057095403
887,1777,0.00013954766428599084,0.00019886362428743658
888,1779,0.00014055324857378896,0.0002009293000004878
889,1781,0.0001373894557114649,0.00019845006714084385
890,1783,0.00014277508856788958,0.00020123456571257393
891,1785,0.00013841983857283986,0.00019965566428124606
892,1787,0.00014203699285644689,0.00020402914571085212
893,1789,0.00014831898285722544,0.00019997419285313557
894,1791,0.000138052555716318,0.00020801613714606254
895,1793,0.0001398673671428696,0.00020064167857136844
896,1795,0.0001409121671479495,0.0002064918642905208
897,1797,0.000138646728571205,0.00020249715571740774
898,1799,0.00014772601285325697,0.0002069458642888224
899,1801,0.00013891975000141039,0.00020280098142653257
900,1803,0.00013778587999695445,0.00020610033999868654
901,1805,0.00013906009428475433,0.0002011617885727901
902,1807,0.0001351023228588539,0.0002075397357111797
903,1809,0.00013847282143355448,0.00020271794000239294
904,1811,0.0001397896000032363,0.0002065506414302425
905,1813,0.00013843531714103716,0.00020389808571313293
906,1815,0.00014071858857278132,0.00021173171571198119
907,1817,0.00014301398428350303,0.0001963863485746385
908,1819,0.00014089408571505503,0.0002049206799996942
909,1821,0.00014183447143035927,0.0002017258271397233
910,1823,0.00014318487999844367,0.0002110159314257284
911,1825,0.000142087438569953,0.0002068397342814673
912,1827,0.00014151347285275864,0.00021339736571462708
913,1829,0.00014083854571383977,0.00020735112428675554
914,1831,0.00014201520000174891,0.00020656948142849227
915,1833,0.00014257345857134038,0.00020714545000113764
916,1835,0.0001650768600016558,0.0002099513328539615
917,1837,0.0001639718600017659,0.00020716333857178273
918,1839,0.00016355870714375797,0.0002105680314291801
919,1841,0.00014156040285992534,0.0002071237542856709
920,1843,0.00014111098428786916,0.00021072880714200436
921,1845,0.000164391350000577,0.00020674248571594944
922,1847,0.00016517632285155873,0.0002101544600035205
923,1849,0.00016432743714696178,0.00020724173571319885
924,1851,0.0001677847900022503,0.00021555810571693916
925,1853,0.00014667812857494157,0.0002627457614289597
926,1855,0.0001756218728535584,0.0002574868185703443
927,1857,0.00016690742571362144,0.00021374476285667958
928,1859,0.00014529658857749642,0.00019835809714225305
929,1861,0.0001436631814327224,0.00021051836714052895
930,1863,0.0001444654214252036,0.0002023791614270262
931,1865,0.00014360557000535275,0.00021005574428532522
932,1867,0.00014514453142900103,0.00020259107428760866
933,1869,0.00014223749143119283,0.00020554473142640615
934,1871,0.00014929969571572397,0.0002034782214286679
935,1873,0.00014294680285924447,0.0002094006657145136
936,1875,0.00014604490571270746,0.00020392359428764655
937,1877,0.00014345362428295108,0.00020743621857036488
938,1879,0.0001466417442835726,0.00024649930570896163
939,1881,0.00015425571428360333,0.0002099216128590342
940,1883,0.0001686330914318595,0.00020736266856796905
941,1885,0.00017032556285682534,0.00021292442143281475
942,1887,0.00015700012285638616,0.00020638965285148253
943,1889,0.00014086153714223268,0.0002147459085686673
944,1891,0.00014404121570935657,0.0002101678557145143
945,1893,0.0001449878457086535,0.00021455132714306402
946,1895,0.00014531944428329422,0.00020806108856829397
947,1897,0.00017403687428148778,0.00021456344285460157
948,1899,0.00014474434571768924,0.000209282194282423
949,1901,0.00014528403714263863,0.00021700495143055118
950,1903,0.0001465013528572204,0.00021258526714518664
951,1905,0.00014488340999897835,0.0002184797414338391
952,1907,0.0001461637257151389,0.00021425273571886854
953,1909,0.00015065673856952343,0.00021450283856860812
954,1911,0.00014960793142433561,0.00021276749999742605
955,1913,0.00015060424856918483,0.000216465275711276
956,1915,0.00014750354999965305,0.00021533156856873704
957,1917,0.00014888811714367225,0.00021454767428232506
958,1919,0.00014757804856864302,0.00021518078857168024
959,1921,0.0001501725642862896,0.0002165304357133989
960,1923,0.00014602134857081441,0.0002163730557107816
961,1925,0.00015273023428692665,0.0002169710771470688
962,1927,0.0001461707942819755,0.00021652490143034292
963,1929,0.00015102456142163386,0.00021486075857475432
964,1931,0.00015221531285923058,0.0002127138185720209
965,1933,0.00014829036999799427,0.0002142454685755573
966,1935,0.00014703624285695175,0.00021951350571855854
967,1937,0.00014821555286159439,0.00021434253285925869
968,1939,0.0001475699671469296,0.00021790756285554382
969,1941,0.00014857367428703584,0.00022132755571614587
970,1943,0.00014829123000319148,0.00021915682286167534
971,1945,0.0001752245957115,0.0002148015914255146
972,1947,0.00015397941428610854,0.00021719833142924472
973,1949,0.00014813723428492917,0.00021370632714024393
974,1951,0.00015137537285616937,0.0002176192414351265
975,1953,0.00014814218142678978,0.0002137630842870359
976,1955,0.00015177935714226417,0.00022002750714039264
977,1957,0.00015052216428947367,0.00021806072142810861
978,1959,0.00015099188571444496,0.00021717104428587068
979,1961,0.0001470928971476886,0.00021789617857263823
980,1963,0.00015531050285842087,0.00021523774571635709
981,1965,0.0001466579557174035,0.00021708098857093968
982,1967,0.0001717628428559692,0.00021278841857305712
983,1969,0.00016389279428819593,0.00021652126428827094
984,1971,0.00017097792143301507,0.0002176652857139873
985,1973,0.00016591910428490208,0.00022159908429395208
986,1975,0.00017343646000361851,0.00026493163428572837
987,1977,0.00015222229714449245,0.00022030923571946917
988,1979,0.00015171847285663328,0.00021617917285246744
989,1981,0.0001520223785727077,0.00022326714714706344
990,1983,0.00015166746285363584,0.0002186647185720046
991,1985,0.00015668640000512823,0.00021829068999587825
992,1987,0.00015230802572010102,0.00021878647285900244
993,1989,0.00015759680714576722,0.00021681337571603112
994,1991,0.00017611132857252545,0.0002300315999985157
995,1993,0.00015265364428289886,0.00021691897857505993
996,1995,0.00015619617999878494,0.0002232953528618964
997,1997,0.00015389258428383205,0.00021762202856864728
998,1999,0.0001473515042900025,0.00022804495714029015
